<?xml version="1.0" encoding="UTF-8"?>
<configuration debug="false" scan="true" scanPeriod="60 seconds">
    <include resource="org/springframework/boot/logging/logback/base.xml"/>

<!--        <property name="LOG_DIR" value="/var/log/tomcat/app/hotel"/>-->
    <property name="LOG_DIR" value="/home/SGP.RU/sirenkoniv/myLogs"/>
<!--    <property name="LOG_DIR" value="/Users/nick/Desktop/hotel-api/logs"/>-->

    <appender name="FILE" class="ch.qos.logback.core.rolling.RollingFileAppender">
        <file>${LOG_DIR}/hotel.log</file>
        <rollingPolicy class="ch.qos.logback.core.rolling.TimeBasedRollingPolicy">
            <fileNamePattern>${LOG_DIR}/hotel.log.%d{yyyy-MM}.gz</fileNamePattern>
            <maxHistory>6</maxHistory>
        </rollingPolicy>
        <append>true</append>
        <encoder>
            <pattern>%d{yyyy-MM-dd HH:mm:ss} hotel %-5level %logger{36} - %msg%n</pattern>
        </encoder>
    </appender>

    <appender name="MAIL" class="ch.qos.logback.core.rolling.RollingFileAppender">
        <file>${LOG_DIR}/hotel_mail.log</file>
        <rollingPolicy class="ch.qos.logback.core.rolling.TimeBasedRollingPolicy">
            <fileNamePattern>${LOG_DIR}/hotel_mail.log.%d{yyyy-MM-dd}.gz</fileNamePattern>
            <maxHistory>31</maxHistory>
        </rollingPolicy>
        <append>true</append>
        <encoder>
            <pattern>%d{yyyy-MM-dd HH:mm:ss} hotel %-5level %logger{36} - %msg%n</pattern>
        </encoder>
    </appender>

    <appender name="AUTH" class="ch.qos.logback.core.FileAppender">
        <file>${LOG_DIR}/hotel_auth.log</file>
        <append>true</append>
        <encoder>
            <pattern>%d{yyyy-MM-dd HH:mm:ss} hotel - %msg%n</pattern>
        </encoder>
    </appender>

    <appender name="SECURITY" class="ch.qos.logback.core.rolling.RollingFileAppender">
        <file>${LOG_DIR}/hotel_security.log</file>
        <rollingPolicy class="ch.qos.logback.core.rolling.TimeBasedRollingPolicy">
            <fileNamePattern>${LOG_DIR}/hotel_security.log.%d{yyyy-MM}.gz</fileNamePattern>
            <maxHistory>3</maxHistory>
        </rollingPolicy>
        <append>true</append>
        <encoder>
            <pattern>%d{yyyy-MM-dd HH:mm:ss} hotel %-5level %logger{36} - %msg%n</pattern>
        </encoder>
    </appender>

    <!--    OFF << FATAL << ERROR << WARN << INFO << DEBUG << TRACE << ALL   -->

    <logger name="root" level="INFO">
        <appender-ref ref="FILE"/>
    </logger>
    <logger name="ru.sgp" level="DEBUG"/>
    <logger name="ru.sgp.audit" level="WARN"/>
    <logger name="org.hibernate.persister.entity" level="ERROR"/>
    <logger name="ru.sgp.util" level="ALL" additivity="false">
        <appender-ref ref="MAIL"/>
    </logger>

    <logger name="org.springframework.security.kerberos.authentication.KerberosServiceAuthenticationProvider"
            level="DEBUG" additivity="false">
        <appender-ref ref="AUTH"/>
    </logger>

    <logger name="org.springframework.security.kerberos.web.authentication.SpnegoAuthenticationProcessingFilter"
            level="INFO" additivity="false">
        <appender-ref ref="SECURITY"/>
    </logger>

</configuration>